Title,Author,
BetaBall,Erik Malinowski,
Hoop Dreams ,Paul Robert Walker,
How to be a footballer,Peter Crouch,
Necessary Roughness,Marie G Lee,
Start Something that matters,Blake Mycoskie,
What is the What,Dave Eggers,
how to,Randall Munroe,
Sin and Syntax,Constance Hale,
Up from Slavery,Booker T Washington,
Helga's Diary,Helga Weiss,
Aliya,Liel Leibovitz,
Lies My Teacher Told Me,James W Lowen,
White Trash. ,Nancy Isenberg,
Riding the Bus with My Sister,Rachel Simon,
You are Not so Smart,David McRaney,
A suprised Queenhood in the new black sun,Angela Jackson,
The souls of Black Folk,Du Bois,
Hood Feminism,Mikki Kendall,
Open wide the freedom Gates,Dorothy Height,
Biting the Hand,Julia Lee,
The New Jim Crow,Michelle Alexander,
How to be an Antiracist,Ibram X. Kendi,
Imagine,Jonah Lehrer,
Under pressure,Carl Honore,
Cosmos,Carl Sagan,
The flat world and Education,Linda Darling-Hammond,
Extraordinary Teacher,Fred Stephenson,
F in Exams,Richard Benson,
High School Hacks,Brianna Smrke,
Me talk pretty one day,David Sedaris,
Why We sleep,Matthew Walker,
Savage Inequalities,Johnathan Kozol,
H is for Hawk,Helen Macdonald,
The Future is Analog ,David Sax,
The Waste Land,Matthew Hollis,
All art is Propaganda,George Orwell,
Trigger Happy,Steven Poole,
The Betrayal of Mary Queen of Scots,Kate Williams,
The art of warfare,Sun-tzu,
Spare,Prince Harry,
Notebooks,Albert Camus,
Steinbeck,Elaine Steinbeck and Robert Wallsten,
How to save the world for just a Trillion dollars,Rowan Hooper,
Manufacturing Consent,Edward S herman and Noam Chomsky,
The greatest stories never told,Rick Beyer,
Queens of A Fallen World,Kate Cooper,
The Shift,Tinx,
Killing rage,bell hooks,
Other Inquisitions ,Jorge Luis Borges,
Stoicism and the art of happiness,Donald RObert,
The Science of Can and Can't,Chiara Marletto,
An Infinity of WOrlds,Will Kinney,
Dad jokes,,
Like literaly Dude,Valerie Fridland,
Sensational,Kim todd,
Meditations,Marcus Aurelius,
Discourse on the origin of inequality,Jean Jacquess Rousseau,
the archaeology of knowledge,Micheal Foucault,
Way Past Cool,Jess Mowry,
Blood Meridian,Cormac McCarthy,
What do you want out of life?,Valerie Tiberius,
Obasan,Joy Kogawa,
Witness,Karen Hesse,
We just want to live here,Amal Rifa'i and Odelia Ainbinder,
We all fall down,Robert Cormier,
Th1rteen R3asons Why,Jay Asher,
The Wanderer,Sharon Creech,
The View from Saturday,E. L. Konigsburg,
The secret loves of greek girls,Hope Nicholson,
The problem with forever,Jennifer L Armenttrout,
The outsiders,S.E Hinton,
The outsiders,S.E Hinton,
The outcasts of 19 Schuyler place,E. L. Konigsburg,
The Moor's Account,Laila Lalami,
Found,Margaret Peterson Haddix,
Jesse ,Gary Soto,
Jack,A. M. Homes,
Ironman,Chris Crutcher,
In the time of the butterflies,Julia Alvarez,
Ida B,Katherine Hannigan,
On the Come Up,Angie Thomas,
I am the messengar,Markus Zusak,
I am not your perfect mexican daughter,Erika L. Sanchez,
How Maya got fierce,Sona Charaipotra,
Hoot,Carl Hiaasen,
Hoot,Carl Hiaasen,
Habibi,Naomi SHihal Nye,
good kings bad kings,Susan Nusbaum,
Ghosts,Raina Telgemeier,
Getting near to babby,Audrey Couloumbis,
Okay for Now,Gary D. Schmidt,
Forever in Blue The fourth summer of the sister hood,Ann Brashares,
Fangirl,Rainbow Rowell ,
"It's like this, cat",Emily Nelvile,
Fallen Angels,Walter Dean Myers,
Every Last word,Tamara Ireland Stone,
The mysterious Benedict society,Trenton lee Stewart,
Esparanza Rising,Pam Munoz Ryan,
Esparanza Rising,Pam Munoz Ryan,
Esparanza Rising,Pam Munoz Ryan,
Wuthering Heights,Emily Bronte,
My name is Chloe,Melody Carlson,
Drama,Raina Telgemeier,
Catalyst,Laurie Halse Anderson,
Catalyst,Laurie Halse Anderson,
Big Mouth & Ugly girl,Joyce Carol Oates,
Are you there god? It's me maragaret,Judy Blume,
Amina's Voice,Hena Khan,
Darius the great is not okay,Adib Khoram,
Adverters of the Huckleberry Finn,Mark Twain,
A thousand splendid suns,Khaled Hosseini,
Street of the Five moons,Elizabeth Peters,
Breathing Underwater,Alex Finn,
Providence,Caroline Kepnes,
Safe Haven,Nicholas Sparks,
Shadowland,alyson noel,
Never Let Me Go,Kazuo Ishiguro,
Commonwealth,Ann patchet,
Flipped,Wendelin Van Draanen,
Turtles All the way down,John Green,
Jacob Have I loved,Katherine Paterson,
A corner of the universe,Ann M. Martin,
The Truth about Forever,Sarah Dessen,
The Season,Sarah McLean,
Lock and key,Sarah Dessen,
This Lullaby,Sarah Dessen,
Today Tonight Tommorow,Rachel Lynn Solomon,
We Were Liars,E. lockhart,
Standing in the Rainbows,Fannie Flagg,
The other side of infinity,Joan F Smith,
Signal to Noice,Silvia Moreno-Garcia,
Jack,A.M Homes,
Seven Percent of Ro Devereux,Ellen O clover,
Squashed ,Joan Bauer,
Olive's Ocean,Kevin Henkes,
Nectar in A Sieve,Kamala Markandaya,
A Secret Infatuation,Betty Neels,
The Virgin's Lover,Philippa Gregory,
Flipped,Vendelli Van Draanen,
The Sun is Also A Star,Nicola Yoon,
The End of Summer,Rosamunde Pilcher,
The Arm of the Starfish,Madeleine L'Engle,
The Virgin's Lover,Philippa Gregory,
Puddin',Julie Murphy,
Jerk California,Jonathan friesen,
Their Eyes were watching God,Zora Neale Hurston,
"I'd Tell, you I love you, but then i'd have to kill you",Ally Carter,
Five Feet apart,Rachael Lippincott,
Jane Yolen,Briar Rose,?
THe golden Compass,Philip Pullman,
Little Thieves,Margaret Owen,
The Witch and the Vampire,Francesca Flores,
The Cruicble,Arthur Miller,
The Kite Runner,Haled Hosseini,
Painted Devils,Margaret Owen,
The Manticore,Robertson Davies,
"Woman, Eating",Claire Kohda,
Flowerheart,Catherine Bakewell,
A shiver of snow and sky,Lisa Luddecke,
The Dragonriders of Pern,Anne McCaffery,
Beowulf,Seamus Heaney,
Birdwing,Rafe Martin,
Juniper & Thorn,Ava Reid,
A Court of Mist and Fury,Sarah J. Maas,
The Screaming Staircase,Jonathan Stroud,
Nocturna,Maya Motayne,
The Secret Garden,Frances Hodgson Burnett,
From the Mixed-up Files of Mrs. Basil E. Frankweiler,El Konigsburg,
Minecraft Essential Handbook,Mojang,
The Extroidanary adventures of Alfred Kropp ,Rick Yancey,
Grendel,John Gardner,
The merhcant of Death,D. J. MacHale,
Twilight,Stephenie Meyer,
We set the dark on fire,Tehlor Kay Mejia,
The Mermaid Chair,Sue Monk Kid,
House of Salt and Sorrows,Erin A Craig,
Everworld Entertain the Endd,K. A. Applegate,
Dealing with Dragons,Patricia L Wrede,
The Kite Rider,Geraldine McCaughrean,
Wilder Girls,Rory Power,
The Ice Cream Queen of Orchard Street,Susan Jane Gilman,
The Lost Children,Carolyn Cohagan,
The Crowfield Curse,Pat Walsh,
The Selection,Kiera Cass,
The Seventh Tower Aenir,Garth Nix,
Colman,Monica Furlong,
The Jungle,Upton Sinclair,
Shades of Simon Gray,Joyce McDonald,
The Princess Bride,William Goldman,
The Mists of Avalon,Marion Zimmer Bradley,
Fly By Night,Frances Hardinge,
InuYasha ,Rumiko Takahashi,
BUNGO Stray Dogs,Kafka Asagiri,
Crescendo,Becca Fitzpatrick,
Finale,Becca Fitzpatrick,
Unnatural Magic,C. M. Waggoner,
AMOS FORTUNE free man,Elizabeth Yates,
Crossroads of Twilight,Robert Jordan,
Into The Lions Den,Linda Fairstein,
Ironside,Holly Black,
Deep Blue,Jennifer Donnelly,
Woven in Moonlight,Isabel Ibanez,
Pax,Sara Pennypacker,
Chasing Pacquiao,Rod Pulido,
Chopsticks,Jessica Anthony,
Queer,William S. Burroughs,
What If it's us,Becky Albertalli,
The First Rule of punk,Celia C. Perez,
May the Best man win,Zr Ellor,
Carrying A load of Feathers,Bill McBride,
All boys aren't blue,George M. Johnson,
Blankets ,Craig Thompson,
The Amazing Adventures of Kavalier & Clay,Micheal Chabon,
Bloom,Panetta Ganucheau,
If this gets out,Sophie Gonzales,
Becoming A Queen,Dan Clay,
I was Born for This,Alice Oseman,
Camp,L. C. Rosen,
Lion's Legacy,L. C. Rosen,
Friday I'm in Love,Camryn Garret,
Clap when you land,Elizabeth Acevdeo,
The boy next door,Meg Cabot,
This one Summer,Jillian Tamaki,
Simon vs THe homosapiens agenda,Becky Albertalli,
Ander & Santi Were Here,Jonnu Garza villa,
This Book is Gay,Juno Dawson,
Cemetery Boys,Aiden Thomas,
Kira kira,Cynthia kadohata,
kira kira,Cynthia kadohata,
Man Crazy,Joyce Carol Oates,
Moxie,Jennifer Mathieu,
Piecing Me together,Renne Watson,
Operation Yes,Sara Lewis Holmes,
Paint the Wind,Pam Munoz Ryan,
Persepolis 2,Marjane Satrapi,
Schooled,gordan korman,
Schooled ,Paul Langan,
Secrets in the Shadows,Anne Schraff,
Shooting The moon,Frances O'roark dowell,
Guts,Raina Telgemeler,
Sisters,Raina Telgemeler,
Sisters,Raina Telgemeler,
So Sad TOday,Melissa Broder,
Speak,Laurie Halse anderson,
Staying fat for Sarah Byrnes,Chris Crutcher,
Chameleon in a Candy Store ,Anonymous,
Diary of an Oxygen Thief,Anonymous,
Imposter,Patricia Park,
Tangerine,Edward Bloor,
Tangerine,Edward Bloor,
Taste of Salt,Frances Temple,
Teen Angst? Naaah...,Ned VIzzini,
Tokyo Ever AFter,Emiko Jean,
Tokyo Dreaming,Emiko Jean,
The absolutely True diary of a part-time Indian,Sherman Alexie,
The book of One hundred truths,Julie Schumacher,
The Cannibals ,Ian Lawrence,
THe Chocolate War,Robert Cormier,
THe 57 Bus,Dashka Slater,
The First Rule of punk,Celia C. Perez,
The God of Small Things,Arundhar Roy,
The House on Mango Street,Sandra Cisneros,
The House on Mango Street,Sandra Cisneros,
The House of the Scorpion,Nancy Farmer,
The Lord of Opium,Nancy Farmer,
The Lost,Natasha Preston,
The Land,Mildred D. Taylor,
The Complete Stories of Truman Capote,Reynolds Price,
Great American Short Stories From Hawthorne to Hemmingway,,
Ficciones,Jorge Luis Borges,
The Borzoi Anthology of Latin American Literature,Emir Rodriguez Monegal,
Highway 99,yogi,
Winesburg Ohio,Sherwood Anderson,
Interpreter of Maladies,Thumpa Lahini,
The Lottery,Shirley Jackson,
Ficciones,Jorge Luis Borges,
The Norton Anthology of American Literature,Baym Gottesman,
Nine Stories,J.D.Salinger,
The French Lieutenants Woman,John Fowels,
Earthlings,Sayaka Murata,
A Man called One,Fredrik Backman,
Mexican Gothic,Silvia Moreno-Garcia,
No country for Old men,Cormac McCarthy,
Half-Blown Rose,Leesa Cross-Smith,
Love,Toni Morrison,
Sula,Toni Morrison,
Song of Solomon,Toni Morrison,
Norwegian Wood,Haruki Murakami,
1Q84,Haruki Murakami,
Sea Change,Gina Chung,
Kafka On the Shore,Haruki Murakami,
Ella Minnow Pea,Mark Dunn,
Hard-Boiled Wonderland and the end of the world,Haruki Murakami,
Love in the time of serial killers,Alica Thompson,
The Sympathize,Viet Thanh Nguyen,
The Hummingbird,Sandro Veronesi,
Killing Commendatore,Haruki Murakami,
Discover Your True North,Bill George,
The 48 laws of Power,Robert Greene,
The intelligent Investor,Benjamin Graham,
Math Girls,Hiroshi Yuki,
Tubes,Andrew Blum,
Getting Started with Processing,Reas & Fry,
The Gene,Siddhartha Mukherjee,
Love & Math,Edward Frenkel,
Eat A Peach,David Chang,
In Defense of Food,Michael Pollan,
An Edible History of Humanity,Tom Standage,
Shakespeare left and Right,Ivo Kamps,
Thereby Hangs A Tale,Charles Earle Funk,
The Late Home Comer,Kao Kalia Yang,
Into the Wild,Jon Krakauer,
Walden Civil Disobedience and other writings,Henry D. Thoreau,
What if? 2,Randall Munroe,
What If? ,Randall Munroe,
THe Blind Side,Michael Lewis,
Angel on the square,Gloria Whelan,
Reefer MAdness Eric Schlosser,,
All in the family!,Franklin Watts,
What A Beast!,Franklin Watts,
Chasing Lincoln's Killer,James L. Swanson,
Enrique's Journey,Sonia Nazario,
Into the Wild,Jon Krakauer,
Food Rules,Micheal Pollen,
Hiroshima,John Heresy,
Humans Of New York,Brandon Stanton,
Rats,Robert Sullivan,
Essential Writings,Ralph Waldo Emerson,
The Hero With A Thousand Faces,Joseph Campbell,
A prayer for Owen Meany,John Irving,
The House on Mango Street,Sandra Cisneros,
Fathers and Sons,Ivan Turgenev,
Metamorphosis,Kafka / Bernofsky,
A thousand Acres,Jane Smiley,
Bee Season,Myla Goldberg,
Go Set A Watchman,Harper Lee,
Hope and Other Dangerous Pursuits,Laila Lalami,
A Seperate Peace,John Knowles,
The Call of the Wind,Jack London,
The Wedding,Dorothy West,
The Reader,Bernhard Schlink,
Pygmalion,Geogre Bernard Shaw,
The Woman Warrior,Maxine Hong Kingston,
The Chosen,Chaim Potok,
World Without End,Ken Follett,
A coulumn of Fire,Ken Follett,
Julian Barnes,Arthur & George,
Coming of Age in Mississippi,Anne Moody,
The great Gatsby,F. Scott Fitzgerald,
The Jungle,Upton Sinclair,
The favored Child,Philippa Gregory,
Wideacre,Philippa Gregory,
Meridon,Philippa Gregory,
THe complete short stories of mark twain,Mark twain,
THe adventures of Tom Sawyer,Mark twain,
THe adventures of Tom Sawyer,Mark twain,
THe adventures of Tom Sawyer,Mark twain,
The Adventures of Huckleberry Finn,Mark twain,
The adventures of Tom Sawyer and Huckleberry finn,Mark twain,
Journey to Munich,Jacqueline Winspear,
Paradise,Toni Morrison,
Code Talker,Joseph Bruchac,
The Last of the Mohicans,James Fenimore Cooper,
The Declaration,Gemma Malley,
THe Shadow Thieves,Anne Ursu,
The Jungle,Upton Sinclair,
Icelandic Folktales & Legends,Jacqueline Simpson,
Beautiful Disaster,Jamie McGUire,
Lawn Boy,Gary Paulsen,
THe Purple Emperor,Herbie Brennan,
The Fire Within,Chris D'Lacey,
The Clockwork THree,Mathew J. Kirby,
Leven THumps and the Gateway to Foo,Obert Skye,
The Girl with the Iron Touch,Kady Cross,
Among the Barons,Marget Peterson Haddix,
Castle in the Air,Diana Wyne Jones,
Fairest,Gail Carson Levine,
Scarlet,Marrisa Meyer,
The Empress of Salt and Fortune,Nghi Vo,
All the Stars and Teeth,Adalyn Grace,
The Wide-Awake Princess ,E.D. Baker,
Princess Nevermore,Dian Curtis Regan,
Enemy Women,Paulette Jiles,
"Fearless Girls, Wise Women & Beloved Sisters",Kathleen Ragan,
Tne mysterious bendeict society and the perilous journey,Trenton Lee Stewart,
Dark Metropolis,Jaclyn Dolamore,
The Name of this book is Secret,psuedononymous Bosch,
Iron Widow ,Kiran J. Zhao,
Bad Unicorn,Platte F. Clark,
Sapphique,Catherine Fisher,
Dragon Rider,Cornelia Funk,
The Marvels,Brian Selznick,
Wonder Struck,Brian Selznick,
The Lost City of Faar,D.J. McHale,
The Never War,D.J. McHale,
The End,Lemony Snickett,
The Grim Grotto,Lemony Snickett,
The Slippery Slope,Lemony Snickett,
The Carnivorous Carnival,Lemony Snickett,
THe Hostile Hospital ,Lemony Snickett,
The Vile Village,Lemony Snickett,?
The Ersatz Elevator,Lemony Snickett,
The Ersatz Elevator,Lemony Snickett,
The Austere Academy,Lemony Snickett,?
The Miserable Mill,Lemony Snickett,
The Wide Window,Lemony Snickett,
The Riddle,Alison Croggon,
The Naming,Alison Croggon,
A Wrinkle in Time,Madeleine L'Engle,
The Midnight Star,Marie Lu,
We Set the Dark on Fire,Tehlor Kay Mejia,
We Set the Dark on Fire,Tehlor Kay Mejia,
Tales from the Perilous Realm,J.R.R Tolkien,
The Legend of Sigurd & Gudrun,J.R.R Tolkien,
The Children of Hurin,J.R.R Tolkien,
The Fellowship of the Ring,J.R.R Tolkien,
Return of the King,J.R.R Tolkien,
Brisingr,Christopher Paolini,
Eldest,Christopher Paolini,
The fellowship of the Ring,J.R.R Tolkien,
An Acceptable Time,Madeleine L'Engle,
A wrinkle in Time,Madeleine L'Engle,
A Swiftly Tilting Planet,Madeleine L'Engle,
Persepolis ,Marjane Satrapi,
The Zookeeper's Wife,Diane Ackerman,
Cavedweller,Dorothy Allison,
The Invention of Wings ,Sue Monk KIdd,
THe Sealed Letter,Emma Donoghue,
Sarah's Key,Tatiana de Rosnay,
Tell the Wolves I'm Home,Carol Rifka Brunt,
Hattie Big Sky,Kirby Larson,
The Invention of Wings ,Sue Monk KIdd,
The Librarian of Auschwitz,Antonio Iturbe,
Music for Torching ,A.M. Homes,
Shabanu: Daughter of the Wind,Borozi Sprinters,
Good Faith,Jane Smiley,
My Antonia,Wila Cather,
Sparrow,Sherlli S Smith,
Their Eyes Were watching God,Zora Neale Hurston,
Their Eyes Were watching God,Zora Neale Hurston,
Their Eyes Were watching God,Zora Neale Hurston,
Their Eyes Were watching God,Zora Neale Hurston,
Their Eyes Were watching God,Zora Neale Hurston,
Their Eyes Were watching God,Zora Neale Hurston,
Native Son,Richard Wright,
I know Why the Caged Bird Sings,Maya Angelou,
I know Why the Caged Bird Sings,Maya Angelou,
A Raisin in the Sun ,Lorraine Hansberry,
Things Fall Apart,Chinua Achebe,
Invisible Man,Ralph Ellison,
Jamaica Kincaid,Annie John,
Heart of Darkness,Joseph Conrad,
Sula,Toni Morrison,
Uncle Tom's Cabin,Harriet Beecher Stowe,
The Collected Stories of Eudora Welty,Eudora Welty,
Harry Potter and the Sorcer's Stone,J.K Rowling,
Harry Potter and the chamber of Secrets,J.K Rowling,
Harry Potter and the Prisoner of Azkaban,J.K Rowling,
Harry Potter and the Sorcer's Stone,J.K Rowling,
Harry Potter and the Chamber of Secrets,J.K Rowling,
Harry Potter and The Goblet of Fire,J.K Rowling,
Harry Potter and the Order of the Phoenix,J.K Rowling,
Harry Potter and the Half-Blood Prince,J.K Rowling,
Harry Potter and the Deathly Hallows,J.K Rowling,
Harry Potter and the chamber of Secrets,J.K Rowling,
Midnight for Charlie Bone,Jenny Nimmo,
Midnight for Charlie Bone,Jenny Nimmo,
Midnight for Charlie Bone,Jenny Nimmo,
Charlie Bone and the Time Twister,Jenny Nimmo,
Charlie Bone and the Time Twister,Jenny Nimmo,
Cress,Marrisa Meyer,
Cress,Marrisa Meyer,
Winter,Marrisa Meyer,
Winter,Marrisa Meyer,
Stars Above,Marrisa Meyer,
Stars Above ,Marrisa Meyer,
Fairest,Marrisa Meyer,
Fairest,Marrisa Meyer,
Scarlet,Marrisa Meyer,
Cinder,Marrisa Meyer,
Cinder,Marrisa Meyer,
THe Edge on the Sword,Rebecca Tingle,
Superior Saturday ,Garth Nix,
Grim Tuesday,Garth Nix,
Mister Monday,Garth Nix,
Drowned Wednsday,Garth Nix,
Sir Thursday,Garth Nix,
The Fall,Garth Nix,
Above the Veil,Garth Nix,
Into Battle,Garth Nix,
The Violet Keystone,Garth Nix,
Castle,Garth Nix,
Across the Wall,Garth Nix,
Abhorsen,Garth Nix,
Sabriel,Garth Nix,
Sabriel,Garth Nix,
Anansi Boys,Neil Gaiman,
Stardust,Neil Gaiman,
Ptolemy's Gate,Jonathan Stroud,
The Golem's Eye,Jonathan Stroud,
Inkheart,Cornelia Funke,
Inkspell,Cornelia Funke,
Inkdeath,Cornelia Funke,
The Toll,Neal Shusterman,
Thanos Titan Consumed,Barry Lyga,
Stories and Poems for Extremely Intelligent Children of All Ages,Harold Bloom,
Door in the Mountain,Jean Valentine,
The Poetry of Pablo Neruda,Pablo Neruda,
100 Poems To Break your Heart,Edward Hirsch,
Facing Unpleasant Facts,George Orwell,
Proofs & Theories,Louise Gluck,
The Country Between Us,Carolyn Forche,
Make Lemonade,Virginia Euwer Wolff,
THe Lost Spells,Robert MacFarlane,
THe Rose That Blooms in the Night,Allie Michelle,
The sun and her flowers,Rupi Kaur,
The sun and her flowers,Rupi Kaur,
The sun and her flowers,Rupi Kaur,
The Princess saves herself in this one,Amanda Lovelace,
The Princess saves herself in this one,Amanda Lovelace,
Inward,Yung Pueblo,
Clarity & Connection,Yung Pueblo,
All Dogs Are Good,Courtney Peppernell,
The Hurting Kind,Ada Limon,
American melancholy,Joyce Carol Oates,
Weaving Sundown in a Scarlet Light,Joy Harjo,
The Tain,Thomas Kinsella,
Aphrodite Made me do it,Trista Mateer,
Beowulf,Samus Heaney,
Beowulf,Samus Heaney,
Beowulf,Burton Raffel,
"Hildure, Queen of the Elves, and other Icelandic Legends",J.M. Bedell,
Song of the Sparrow,Lisa Ann Sandell,
Song of the Sparrow,Lisa Ann Sandell,
Gilgamesh,Stephen Mitchell,
Metamorphoses,Rolf Humphries,
The Inferno of Dante,Robert Pinsky,
Spoon River Anthology,Edgar Kee Nasters,
The Odyssey,Homer,
Envelope Poems,Emily Dickinson,
A History of Modern Poetry,David Perkins,
Faust,Johann Wolfgang von Goethe,
Wordsworth's Poetry and Prose,William Wordsworth,
Paradise Lost,John Milton,
Greek Myths,Charlotte Higgins,
Mythology,Edith Hamilton,
John Donne's Poetry,John Donne,
Gods and Heroes,Korwin Briggs,
"Gods, Heroes, and Monsters ",Carolina Lopez-Ruiz,
The Iliad,Homer,
The Secrets of the Universe in 100 Symbols,Sarah Bartlett,
Jane Eyre,Charlotte Bronte,
Watership Down,Richard Adams,
The Awakening,Kate Chopin,
Emma,Jane Austen,
Nothing Like the Sun,Anthony Burgess,
A Clockwork Orange,Anthony Burgess,
Music for Torching,A.M. Homes,
Ficciones ,Jorge Luis Borges,
The Great Gatsby,F. Scott Fitzgerald,
Emma,Jane Austen,
The Catcher in the Rye,J.D. Salinger,
The Catcher in the Rye,J.D. Salinger,
Franny and Zooey,J.D. Salinger,
Their Eyes were Watching God,Zora Neale Hurston,
Their Eyes were Watching God,Zora Neale Hurston,
The long Valley,John Steinbeck,
The Pearl,John Steinbeck,
The Winner of our Discontent,John Steinbeck,
TOrtilla Flat,John Steinbeck,
The Wayward Bus,John Steinbeck,
The Pearl,John Steinbeck,
The Grapes of Wrath,John Steinbeck,
Bound for Oregon,Van Leeuwen,
The Smugglers,Iain Lawrence,
The Wreckers,Iain Lawrence,
The Wreckers,Iain Lawrence,
New Boy,Tracy Chevalier,
THe Tempest,William Shakespeare,
Cannery Row,John Steinbeck,
The Pearl,John Steinbeck,
Cannery Row,John Steinbeck,
East of Eden,John Steinbeck,
Cat's Cradle,Kurt Vonnegut,
Skinny Legs and All,Tom Robbins,
Even Cowgirls get the blues,Tom Robbins,
The true Confessions of Charlotte Doyle,Avi,
Parot In the Oven,Victor Martinez,
The Once and Future King,T.H. White,
Harry Cat's Pet Puppy,George Selden ,
Music for Torching,A.M. Homes,
Still Life With Woodpecker,Tom Robbins,
Queen's Own Fool,Jane Volen & Robert Harris,
The Called Us Enemy,George Takei,
House of Leaves,Mark Z. Danielewski,
Telegraph Avenue,Michael Chabron,
Little Fires Everywhere,Celeste Ng,
The Hours,Michael Cunningham,
Brief Interviews with Hideou Men,David Foster Wallace,
Freedom,Johnathan Franzen,
Erotic Stories for Punjabi Widows,Balli Kaur Jaswal,
The Elegance of The Hedgehog,Muriel Barbery,
The Amazing adventures of Kavalier & Clay,Michael Chabon,
A lion among men,Gregory Maguire,
Wicked,Gregory Maguire,
Son of A Witch,Gregory Maguire,
Faerie Wars,Herbie Brennan,
The Iliad,Homer,
Enchantment,Orson Scott Card,
Enchantment,Orson Scott Card,
The Silver Chair,C.S. Lewis,
The Lion The WItch and The Wardrobe,C.S. Lewis,
Prince Caspian,C.S. Lewis,
Legacy & Spellbound,Nancy Holder,
Resurrection,Nancy Holder,
Savvy,Ingrid Law,
Scumble ,Ingrid Law,
Redwall,Brian Jacques,
Redwall,Brian Jacques,
The Amber Spyglass,Philip Pullman,
The Subtle Knife,Philip Pullman,
The Book of Dust,Philip Pullman,
The Subtle Knife,Philip Pullman,
Burning Bright,Tracy Chevalier,
The Wangs Vs. The World,Jade Chang,
The Chosen ,Chaim Potok,
The Lightning Thief,Rick Riordan,
The Sea of Monsters,Rick Riordan,
The Titans Curse,Rick Riordan,
The Battle of the Labyrinth,Rick Riordan,
The Last Olympian,Rick Riordan,
The Sea of Monsters,Rick Riordan,
The Titans Curse,Rick Riordan,
The Battle of the Labyrinth,Rick Riordan,
The Last Olympian,Rick Riordan,
The Lost Hero,Rick Riordan,
The Son Of Neptune,Rick Riordan,
The Red Pyramid,Rick Riordan,
The Red Pyramid,Rick Riordan,
The Throne of Fire,Rick Riordan,
The Throne of Fire,Rick Riordan,
The Amber Spyglass,Philip Pullman,
The Subtle Knife,Philip Pullman,
The Golden Compass,Philip Pullman,
The Amber Spyglass,Philip Pullman,
The Subtle Knife,Philip Pullman,
The Golden Compass,Philip Pullman,
The Goose Girl,Shannon Hale,
River Secrets,Shannon Hale,
Enna Burning,Shannon Hale,
Peter and the Secret of Rundoon,Ridley Pearson,
Peter and the Secret of Rundoon,Ridley Pearson,
Peter and the Shadow Thieves,Ridley Pearson,
Peter and the StarCatchers,Ridley Pearson,
Dateline Troy,Paul Fleischman,
Beatrice and Virgil,Yann Martel,
The Readers of Broken Wheel Recommend,Katarina Bivald,
Bamboo Among the Oaks,Mai Neng Moua,
The Absolutely True Diary of A Part-Time Indian,Sherman Alexie,
The absolutely True Diary of A Part-Time Indian,Sherman Alexie,
Infinite Life,Robert Thurman,
For Colored girls who have considered suicide/when the rainbow is enuf,Ntozake Shange,
A Step From Heaven,An Na,
Daisy Jones & The Six,Taylor Jenkins Reid,
Empire Falls,Richard Russo,
Paradise Lost & Paradise Regained,John Milton,
Shoot THe Moon,Billie Letts,
Small Wonder,Barbara Kingsolver,
"Tommorow, when the war began",John Marsden,
Where The Red Fern Grows,Wilson Rawls,
Tuesdays with Morrie,Mitch Albom,
THe Woman Warrior,Maxine Hong Kingston,
THe Kitched God's Wife,Amy Tan,
Independence Day,Richard Ford,
Crispin The Cross of Lead,Avi,
True History of The Kelly Gang,Peter Carey,
Around the World In Eighty Days,Jules Verne,
The Boys in the Boat,Daniel james Brown,
The Age of Innocence,Edith Wharton,
One Day in the life of Ivan Denisovich,Alexander Solzhenitsyn,
The Pearl,John Steinbeck,
The Pearl,John Steinbeck,
Fallen Angels,Walter Dean Myers,
The Buccaners,Iain Lawrence,
The Sea-Wolf,Jack London,
A Tree Grows in Brooklyn,Betty Smith,
The absolutely True Diary of A Part-Time Indian,Sherman Alexie,
Malcom X By Any means necessary,Walter Dean Myers,
"20,000 Leagues Under the Sea",Jules Verne,
The Taming of the Shrew,William Shakespeare,
Julius Caesar,William Shakespeare,
The Taming of the Shrew,William Shakespeare,
Nectar in a Sieve,Kamala Markandaya,
As You Like It,William Shakespeare,
Richard III,William Shakespeare,
The Taming of the Shrew,William Shakespeare,
"Catherine, Called Biroy",Karen Cushman,
Of Mice and Men,John Steinbeck,
To Kill A Mocking Bird,Harper Lee,
The Catcher in the Rye,J.D. Salinger,
The Poisonwood Bible,Barbara Kingsolver,
THe Pleasing Hour,Lily King,
Monkey,Wu Ch'Eng-en,
The Sound and The Fury,William Faulkner,
A HEartbreaking Work of Staggering Genius,Dave Eggers,
Darcy's Great Escape,Marsha Altman,
The Safety of Objects,A.M. Homes,
Rama the Steadfast,Valmiki,
Heart of Darkness,Joseph Conrad,
The Chosen ,Chaim Polok,
The Mill on the Floss,George Eliot,
Madame Bovary,Gustave Flaubert,
Sense and Sensibility,Jane Austen,
You can't go Home again,Thomas Wolfe,
A Thousand Ships,Natalie Haynes,
The Final Solution,Michael Chabon,
Breakfast at Tiffany's ,Truman Capote ,
Papilon,Henri Charriere,
Pride and Prejudice,Jane Austen,
The Henna Artist,Alka Joshi,
One Hundred Years of Solitude,Gabriel Garcia Marquez,
Hang a Thousand Trees with ribbon,Ann Rinaldi,
Siddhartha,Herman Hesse,
Colorless Tsukuru Tazaki and his years of pilgrimage,Haruki Murakami,
Annihilation,Jeff Vandermeer,
No Longer Human,Osman Dazai,
To Kill A Mocking Bird,Harper Lee,
Demian,Herman Hesse,
Anne Bonney,Jeffery S. Williams,
Becoming Jane Austen,Jon Spence,
The Death of Quincas Water-Boy,Jorge Amado,
The Wonder,Emma Donoghue,
All the Light we Cannot see,Anthony Doerr,
The Canterbury Tales,Geoffrey Chaucer,
The Counte of Monte Christo,Alexander Dumas,
The Counte of Monte Christo,Alexander Dumas,
Cyrano de Borgerac,Edmond Rosaind,
Lord of the Flies,William Golding,
White Fang,Jack London,
The Buried Giant,Kazuo Ishiguro,
The False Prince,Jennifer A. Nielsen,
The Captive Kingdom,Jennifer A. Nielsen,
The Shadow Throne,Jennifer A. Nielsen,
The Shattered Castle,Jennifer A. Nielsen,
Charlie Bone and the Invisible Boy,Jenny Nimmo,
Charlie Bone and the Invisible Boy,Jenny Nimmo,
Charlie Bone and The Castle of Mirrors,Jenny Nimmo,
Into the Wild,Erin Hunter,
Fire and Ice,Erin Hunter,
The Chasers Song,,
City of Bones,Cassandra Clare,
City of Ashes,Cassandra Clare,
City of Glass,Cassandra Clare,
City of Fallen Angels,Cassandra Clare,
City of Lost Souls,Cassandra Clare,
City of Heavenly Fire,Cassandra Clare,
City of Ashes,Cassandra Clare,
Cuty of Ashes,Cassandra Clare,
City of Glass,Cassandra Clare,
City of Glass,Cassandra Clare,
City of Fallen Angels,Cassandra Clare,
Clockwork Angel,Cassandra Clare,
Clockwork Prince,Cassandra Clare,
Clockwork Princess,Cassandra Clare,
The Hate U give,Angie Thomas,
The Hate U give,Angie Thomas,
The Hate U give,Angie Thomas,
The Hate U give,Angie Thomas,
The Hate U give,Angie Thomas,
The Hate U give,Angie Thomas,
The Hate U give,Angie Thomas,
The Hate U give,Angie Thomas,
The Hate U give,Angie Thomas,
The Hate U give,Angie Thomas,
The Hate U give,Angie Thomas,
The Hate U give,Angie Thomas,
The Hate U give,Angie Thomas,
The Hate U give,Angie Thomas,
The Hate U give,Angie Thomas,
The Hate U give,Angie Thomas,
The Hate U give,Angie Thomas,
The Hate U give,Angie Thomas,
The Hate U give,Angie Thomas,
The Hate U give,Angie Thomas,
The Hate U give,Angie Thomas,
The Hate U give,Angie Thomas,
The Hate U give,Angie Thomas,
The Hate U give,Angie Thomas,
The Hate U give,Angie Thomas,
The Hate U give,Angie Thomas,
The Hate U give,Angie Thomas,
The Hate U give,Angie Thomas,
The Hate U give,Angie Thomas,
The Hate U give,Angie Thomas,
The Hate U give,Angie Thomas,
The Hate U give,Angie Thomas,
The Hate U give,Angie Thomas,
The Hate U give,Angie Thomas,
The Hate U give,Angie Thomas,
The Hate U give,Angie Thomas,
The Hate U give,Angie Thomas,
The Hate U give,Angie Thomas,
The Hate U give,Angie Thomas,
The Hate U give,Angie Thomas,
The Hate U give,Angie Thomas,
The Hate U give,Angie Thomas,
The Hate U give,Angie Thomas,
The Hate U give,Angie Thomas,
The Hate U give,Angie Thomas,
The Hate U give,Angie Thomas,
The Hate U give,Angie Thomas,
The Hate U give,Angie Thomas,
The Hate U give,Angie Thomas,
The Hate U give,Angie Thomas,
The Hate U give,Angie Thomas,
The Hate U give,Angie Thomas,
The Hate U give,Angie Thomas,
The Hate U give,Angie Thomas,
The Hate U give,Angie Thomas,
The Hate U give,Angie Thomas,
The Hate U give,Angie Thomas,
The Hate U give,Angie Thomas,
The Hate U give,Angie Thomas,
The Hate U give,Angie Thomas,
The Hate U give,Angie Thomas,
The Hate U give,Angie Thomas,
The Hate U give,Angie Thomas,
The Hate U give,Angie Thomas,
The Hate U give,Angie Thomas,
The Hate U give,Angie Thomas,
The Hate U give,Angie Thomas,
The Hate U give,Angie Thomas,
The Hate U give,Angie Thomas,
Parable of the Sower,Octavia E. Butler,
Parable of the Sower,Octavia E. Butler,
Parable of the Sower,Octavia E. Butler,
Parable of the Sower,Octavia E. Butler,
Parable of the Sower,Octavia E. Butler,
Parable of the Sower,Octavia E. Butler,
Parable of the Sower,Octavia E. Butler,
Parable of the Sower,Octavia E. Butler,
Parable of the Sower,Octavia E. Butler,
Parable of the Sower,Octavia E. Butler,
Parable of the Sower,Octavia E. Butler,
Parable of the Sower,Octavia E. Butler,
Parable of the Sower,Octavia E. Butler,
Parable of the Sower,Octavia E. Butler,
Parable of the Sower,Octavia E. Butler,
Parable of the Sower,Octavia E. Butler,
Parable of the Sower,Octavia E. Butler,
Parable of the Sower,Octavia E. Butler,
Parable of the Sower,Octavia E. Butler,
Parable of the Sower,Octavia E. Butler,
Parable of the Sower,Octavia E. Butler,
Parable of the Sower,Octavia E. Butler,
Parable of the Sower,Octavia E. Butler,
Parable of the Sower,Octavia E. Butler,
Parable of the Sower,Octavia E. Butler,
Parable of the Sower,Octavia E. Butler,
Parable of the Sower,Octavia E. Butler,
Parable of the Sower,Octavia E. Butler,
Parable of the Sower,Octavia E. Butler,
Parable of the Sower,Octavia E. Butler,
Parable of the Sower,Octavia E. Butler,
Parable of the Sower,Octavia E. Butler,
Parable of the Sower,Octavia E. Butler,
Parable of the Sower,Octavia E. Butler,
Parable of the Sower,Octavia E. Butler,
Parable of the Sower,Octavia E. Butler,
Parable of the Sower,Octavia E. Butler,
Parable of the Sower,Octavia E. Butler,
Parable of the Sower,Octavia E. Butler,
Parable of the Sower,Octavia E. Butler,
Parable of the Sower,Octavia E. Butler,
Parable of the Sower,Octavia E. Butler,
Parable of the Sower,Octavia E. Butler,
Parable of the Sower,Octavia E. Butler,
Parable of the Sower,Octavia E. Butler,
Parable of the Sower,Octavia E. Butler,
Parable of the Sower,Octavia E. Butler,
Parable of the Sower,Octavia E. Butler,
Parable of the Sower,Octavia E. Butler,
Parable of the Sower,Octavia E. Butler,
Parable of the Sower,Octavia E. Butler,
Parable of the Sower,Octavia E. Butler,
Parable of the Sower,Octavia E. Butler,
Parable of the Sower,Octavia E. Butler,
Parable of the Sower,Octavia E. Butler,
Parable of the Sower,Octavia E. Butler,
Parable of the Sower,Octavia E. Butler,
Parable of the Sower,Octavia E. Butler,
Parable of the Sower,Octavia E. Butler,
Parable of the Sower,Octavia E. Butler,
Parable of the Sower,Octavia E. Butler,
Parable of the Sower,Octavia E. Butler,
Parable of the Sower,Octavia E. Butler,
Parable of the Sower,Octavia E. Butler,
Parable of the Sower,Octavia E. Butler,
Parable of the Sower,Octavia E. Butler,
Parable of the Sower,Octavia E. Butler,
Parable of the Sower,Octavia E. Butler,
Parable of the Sower,Octavia E. Butler,
Parable of the Sower,Octavia E. Butler,
Parable of the Sower,Octavia E. Butler,
Parable of the Sower,Octavia E. Butler,
Parable of the Sower,Octavia E. Butler,
Parable of the Sower,Octavia E. Butler,
Parable of the Sower,Octavia E. Butler,
Parable of the Sower,Octavia E. Butler,
Parable of the Sower,Octavia E. Butler,
Parable of the Sower,Octavia E. Butler,
Parable of the Sower,Octavia E. Butler,
Parable of the Sower,Octavia E. Butler,
Parable of the Sower,Octavia E. Butler,
Parable of the Sower,Octavia E. Butler,
Parable of the Sower,Octavia E. Butler,
Parable of the Sower,Octavia E. Butler,
Parable of the Sower,Octavia E. Butler,
Parable of the Sower,Octavia E. Butler,
Parable of the Sower,Octavia E. Butler,
Parable of the Sower,Octavia E. Butler,
Parable of the Sower,Octavia E. Butler,
Parable of the Sower,Octavia E. Butler,
Parable of the Sower,Octavia E. Butler,
Parable of the Sower,Octavia E. Butler,
Parable of the Sower,Octavia E. Butler,
Parable of the Sower,Octavia E. Butler,
Perfume,Patrick Suskind,
Perfume,Patrick Suskind,
Perfume,Patrick Suskind,
Perfume,Patrick Suskind,
Perfume,Patrick Suskind,
Perfume,Patrick Suskind,
Perfume,Patrick Suskind,
Perfume,Patrick Suskind,
Perfume,Patrick Suskind,
Perfume,Patrick Suskind,
Perfume,Patrick Suskind,
Perfume,Patrick Suskind,
Perfume,Patrick Suskind,
Perfume,Patrick Suskind,
Perfume,Patrick Suskind,
Perfume,Patrick Suskind,
Perfume,Patrick Suskind,
Perfume,Patrick Suskind,
Perfume,Patrick Suskind,
Perfume,Patrick Suskind,
Perfume,Patrick Suskind,
Perfume,Patrick Suskind,
Perfume,Patrick Suskind,
Perfume,Patrick Suskind,
Perfume,Patrick Suskind,
Perfume,Patrick Suskind,
Perfume,Patrick Suskind,
Perfume,Patrick Suskind,
Perfume,Patrick Suskind,
Perfume,Patrick Suskind,
Perfume,Patrick Suskind,
Perfume,Patrick Suskind,
Perfume,Patrick Suskind,
Perfume,Patrick Suskind,
Perfume,Patrick Suskind,
Perfume,Patrick Suskind,
Perfume,Patrick Suskind,
Perfume,Patrick Suskind,
Perfume,Patrick Suskind,
Perfume,Patrick Suskind,
Perfume,Patrick Suskind,
Perfume,Patrick Suskind,
Perfume,Patrick Suskind,
Perfume,Patrick Suskind,
Perfume,Patrick Suskind,
Perfume,Patrick Suskind,
Perfume,Patrick Suskind,
Perfume,Patrick Suskind,
Perfume,Patrick Suskind,
Perfume,Patrick Suskind,
Perfume,Patrick Suskind,
Perfume,Patrick Suskind,
Perfume,Patrick Suskind,
Perfume,Patrick Suskind,
Perfume,Patrick Suskind,
Perfume,Patrick Suskind,
Perfume,Patrick Suskind,
Perfume,Patrick Suskind,
Perfume,Patrick Suskind,
Perfume,Patrick Suskind,
Perfume,Patrick Suskind,
Perfume,Patrick Suskind,
Perfume,Patrick Suskind,
Perfume,Patrick Suskind,
Perfume,Patrick Suskind,
Perfume,Patrick Suskind,
Perfume,Patrick Suskind,
Perfume,Patrick Suskind,
Perfume,Patrick Suskind,
Perfume,Patrick Suskind,
Perfume,Patrick Suskind,
Perfume,Patrick Suskind,
Perfume,Patrick Suskind,
Perfume,Patrick Suskind,
Perfume,Patrick Suskind,
Perfume,Patrick Suskind,
Perfume,Patrick Suskind,
Perfume,Patrick Suskind,
Perfume,Patrick Suskind,
Perfume,Patrick Suskind,
Perfume,Patrick Suskind,
Perfume,Patrick Suskind,
Perfume,Patrick Suskind,
Perfume,Patrick Suskind,
Perfume,Patrick Suskind,
Perfume,Patrick Suskind,
Perfume,Patrick Suskind,
Perfume,Patrick Suskind,
Perfume,Patrick Suskind,
Perfume,Patrick Suskind,
Perfume,Patrick Suskind,
Perfume,Patrick Suskind,
Perfume,Patrick Suskind,
Perfume,Patrick Suskind,
Perfume,Patrick Suskind,
Perfume,Patrick Suskind,
Perfume,Patrick Suskind,
Perfume,Patrick Suskind,
Perfume,Patrick Suskind,
Perfume,Patrick Suskind,
Perfume,Patrick Suskind,
Perfume,Patrick Suskind,
Perfume,Patrick Suskind,
Perfume,Patrick Suskind,
Perfume,Patrick Suskind,
Perfume,Patrick Suskind,
Perfume,Patrick Suskind,
Perfume,Patrick Suskind,
Perfume,Patrick Suskind,
Perfume,Patrick Suskind,
Perfume,Patrick Suskind,
Perfume,Patrick Suskind,
All Quiet on the Western Front,Erich Maria Remarque,
All Quiet on the Western Front,Erich Maria Remarque,
All Quiet on the Western Front,Erich Maria Remarque,
All Quiet on the Western Front,Erich Maria Remarque,
All Quiet on the Western Front,Erich Maria Remarque,
All Quiet on the Western Front,Erich Maria Remarque,
All Quiet on the Western Front,Erich Maria Remarque,
All Quiet on the Western Front,Erich Maria Remarque,
All Quiet on the Western Front,Erich Maria Remarque,
All Quiet on the Western Front,Erich Maria Remarque,
All Quiet on the Western Front,Erich Maria Remarque,
All Quiet on the Western Front,Erich Maria Remarque,
All Quiet on the Western Front,Erich Maria Remarque,
All Quiet on the Western Front,Erich Maria Remarque,
All Quiet on the Western Front,Erich Maria Remarque,
All Quiet on the Western Front,Erich Maria Remarque,
All Quiet on the Western Front,Erich Maria Remarque,
All Quiet on the Western Front,Erich Maria Remarque,
All Quiet on the Western Front,Erich Maria Remarque,
All Quiet on the Western Front,Erich Maria Remarque,
All Quiet on the Western Front,Erich Maria Remarque,
All Quiet on the Western Front,Erich Maria Remarque,
All Quiet on the Western Front,Erich Maria Remarque,
All Quiet on the Western Front,Erich Maria Remarque,
All Quiet on the Western Front,Erich Maria Remarque,
All Quiet on the Western Front,Erich Maria Remarque,
All Quiet on the Western Front,Erich Maria Remarque,
All Quiet on the Western Front,Erich Maria Remarque,
All Quiet on the Western Front,Erich Maria Remarque,
All Quiet on the Western Front,Erich Maria Remarque,
All Quiet on the Western Front,Erich Maria Remarque,
All Quiet on the Western Front,Erich Maria Remarque,
All Quiet on the Western Front,Erich Maria Remarque,
All Quiet on the Western Front,Erich Maria Remarque,
All Quiet on the Western Front,Erich Maria Remarque,
All Quiet on the Western Front,Erich Maria Remarque,
All Quiet on the Western Front,Erich Maria Remarque,
All Quiet on the Western Front,Erich Maria Remarque,
All Quiet on the Western Front,Erich Maria Remarque,
All Quiet on the Western Front,Erich Maria Remarque,
All Quiet on the Western Front,Erich Maria Remarque,
All Quiet on the Western Front,Erich Maria Remarque,
All Quiet on the Western Front,Erich Maria Remarque,
All Quiet on the Western Front,Erich Maria Remarque,
All Quiet on the Western Front,Erich Maria Remarque,
All Quiet on the Western Front,Erich Maria Remarque,
All Quiet on the Western Front,Erich Maria Remarque,
All Quiet on the Western Front,Erich Maria Remarque,
All Quiet on the Western Front,Erich Maria Remarque,
All Quiet on the Western Front,Erich Maria Remarque,
All Quiet on the Western Front,Erich Maria Remarque,
All Quiet on the Western Front,Erich Maria Remarque,
All Quiet on the Western Front,Erich Maria Remarque,
All Quiet on the Western Front,Erich Maria Remarque,
All Quiet on the Western Front,Erich Maria Remarque,
All Quiet on the Western Front,Erich Maria Remarque,
All Quiet on the Western Front,Erich Maria Remarque,
All Quiet on the Western Front,Erich Maria Remarque,
All Quiet on the Western Front,Erich Maria Remarque,
All Quiet on the Western Front,Erich Maria Remarque,
All Quiet on the Western Front,Erich Maria Remarque,
All Quiet on the Western Front,Erich Maria Remarque,
All Quiet on the Western Front,Erich Maria Remarque,
All Quiet on the Western Front,Erich Maria Remarque,
All Quiet on the Western Front,Erich Maria Remarque,
All Quiet on the Western Front,Erich Maria Remarque,
All Quiet on the Western Front,Erich Maria Remarque,
All Quiet on the Western Front,Erich Maria Remarque,
You're That Bitch,Bretman Rock,
Where We MEet The World,Ashley Ward,
Pharaohs of the Sun,Guy De La Bedoyere,
Your Brain on Art,Susan Magsamen,
Cloud Cuckoo Land,Anthony Doerr,
Mistborn,Brandon Sanderson,
A History of the World in 6 Glasses,Tom Standage,
Wanderlust,Reid Mitenbuler,
175+ Things to Do Before you graduate College,Charlotte Lake,
Hundred What you Learn in a lifetime,Heike Faller,
"Guns, Germs, and Steel",Jared Diamond,
On The Origin of Time,Thomas Hertog,
We ARe Electric,Sally Adee,
The Magick of Physics,Felix Flicker,
When Women Were Dragons,Kelly Barnhill,
A Short History of the World in 50 Animals,Jacob F. Field,
The Happy Broadcast,Mauro Gatti,
Cat's Cradle,Kurt Vonnegut,
Enders Game,Orson Scott Card,
Enders Game,Orson Scott Card,
Substitue Creature,Chris Gall,
National Parks of the USA,Kate Siber,
Monkey Buisness,Wallace Edwards,
THe Arrival ,Shaun Tan,
Rapunzel,Brothers Grimm,
King Bidgood's In the Bathtub,Audrey Wood,
What You Do With a Chance?,Kobi Yamada,
Puff the Magic Dragon,Peter Yarrow,
Knuffle Bunny Too,Mo WIllems,
The Very Hungry Caterpillar,Eric Carle,
THe Classic Treasury of Aesop's Fables,Aesop,
Masterpieces Up Close,Claire d'Harcourt,
The Eleventh Hour,Graeme Base,
Dragons Dragons,Eric Carle,
The Adventures of Gary & Harry,Matsumoto Furuya,
Gus was a friendly ghost,Jane Thayer,
Cinderelliot,Mark Ceilley,
The Way Back Home,Oliver Jeffers,
Jack and the Beanstalk,RIchard Walker,
Babushka Baba Yaga,Patricia Pollaco,
You are Special,Max Lucado,
"Click, Clack, Moo Cows that type",Doreen Cronin,
The Hundred and One Dalmatians,Dodie Smith,
The PRincess and the Pea,Lauren Child,
Animals Animals,Eric Carle,
Illuminations ,Jonathan Hunt,
Homer Price,Robert Mc Closkey,
The Master Theorem,M,
The Master Theorem Elite,M,
Maker Lab,Jack Andraka,
"John, Paul, George, & Ben",Lane Smith,
Winter's Gift,Jane Monroe Donovan,
The Bad Seed,Jory John,
Last Stop on Market Street,Christina Robinison,
Princess Hyacinth,Florence Perry Heide,
This is San Francisco,M. Sasek,
Make Way For Ducklings,Robert McCloskey,
The Three Questions,John J Muth,
My Friend Rabbit,Eric Rohmann,
Miss Nelson is Missing,James Marshall,
Rafa Counts on Papa,Joe Cepeda,
Strong Stuff,John Harris,
Big Wig,Johnathan Hillman,
Wild About Books,Judy Sierra,
Eyes that Speak to the Stars,Joanna Ho,
You are My favorite Color,Gillian Sze,
Rafa Counts on Papa,Joe Cepeda,
Kalamata's Kitchen,Sarah Thomas,
THis is A School,Miller Jackson,
DrThe Lorax,Dr. Seuss,
Freedom in Congo Square,Weatherford,
Not A Stick,,
The Merry Chase,Hurd,
Not Quite Narwhal,Sima,
"Alexander and the Terribe, Horrible, No Good, Very Bad Day",Judith Vorst,
MIster Seahorse,Eric Carle,
Stanley,Hoff,
The Quiltmaker's journey,Brumbeau de Marcken,
Women in Art,Ignotofsky,
The Antlered Ship,,
The Aurora County All-Stars,Debora Wiles,
Someday,,
The Book With no Pictures,B.J. Novak,
Cinderella,Rylant Blair,
The Cricket in the Square,Selden,
A is for Array,Branden Hansen,
Tell me a Scary Story ... but not too scary!,Carl Reiner,
The Man Who walked between the towers,Gerstein,
Little Lit,Spiegelman,
The Street Beneath my Feet,Guilan,
An Ode to the Fresh Cut,,
The Day Crayons Came Home,,
"Rosie Reviere, Engineer",,
I love you Like Yellow,,
The Curious Garden,Peter Brown,
The Grouchy Ladybug,Eric Carle,
The Long Jump,F. Cavallio,
The Day the Crayons Quit,Drew Daywalt,
The Day the Crayons Quit,Drew Daywalt,
Big Feelings,Alexandra Penfold,
The Color Monster,Anna Llenas,
Dragons Love Tacos,Rubin Salmeri,
Dragons Love Tacos,Rubin Salmeri,
Captain Snout and The Super Power Questions,Amen,
"Iggy Peck, Architect",,
"Aaron Slater, Illustrator",,
I Dream of Popo,,
Giraffes Can't Dance,,
Eyes that Kiss in the Corners,,
The Cool Bean,,
The Good Egg,,
The Smart Cookie,,
Laxmi's Mooch,,
Whats Inside A flower,,
Turning Pages,,
Piggle,,
We,Yevgeny Zamyatin,
"The Boy with Big, Big Feelings",,
Round is a tortilla,,
What do you do with an idea,,
what do you do witha problem,,
Yes we Will,,
The Glass Slipper,,
We are Grateful,,
Just Ask!,,
PrideL The Story of Harvey Milk and the Rainbow Flag,,
Twas the Night before Pride,,
"Cats, Cat breeds & Cat Care",,
When Lola Visits,,
THe eyebrows of doom,,
The Year we learned to Fly,,
That is not a good idea,,
"Alexander and the Terribe, Horrible, No Good, Very Bad Day",,
"Time to Say ""please""!",,
Beautiful Oops,Barney Saltzberg,
Gangster Doodles,Marlon Sassy,
Queer Heroes,Arabelle Sicardi,
Daughter of the Pirate King,Tricia Levenseller,
The Travel Book,Lonely Planet Kids,
Chicken Dance,Santat,
,,
The Space Shuttle,Rolland Miller,
Scribbles,Tano Gami,
Alphonse Mucha: Make Your Own Art Masterpiece,David Jones,
Doodle Allyear ,Tano Gami,
Enchanted,Karen Sue Chen,
Color Yourself Calm Creativity,ePaul Heussenstamm,
Secret Worlds,Karen Sue Chen,
Anxiety Relief Coloring Books For Adults,,
Tiny World,Coco Wyo,
The Princess Bride,Rachel Curtis,
Cities of the Mind Coloring Book,Raissa Tinoco,
Doodles,Tano Gami,
Ophelia Pang's Interactive Artbook,,
Science The Definitive Visual Guide,,
Photography The Definitive Visual History,,
Women,,
The Making of ,,
Nature's Pallet,Patrick Baty,
Capturing Nature,Matthew Zucker,
Art the Definittive Visual Guide,,
Art II ,The Metropolotin mesuem of art,
Art II ,The Metropolotin mesuem of art,
The Ultimate Sneaker Book,,
Queen THe Neal Preston Photographs,,
lOliver Jeffers,,
The Female Lead Volume II,,
Crosscurrents,,
Let's get gardening,,
Songteller,Dolly Parton,
Drawing fantastic Female Fighters,,
How to Draw Manga Furries,,
Creative Lettering and Beyond,,
How to Draw Superheroes,,
Meditations on the Tarot,,
50 Art movements you should know,,
Alphonse Mucha Masterworks,,
Vincent Van Gogh Masterworks,,
Art Nouveau,,
Art Nouveau & the Vienna Secessionists,,
Claude MOnet Water Lilies & The Garden of Giverny,,
I Feel that ,Christina Scotch,
Crystals,Jennie Harding,
Van Gogh,Ingo F. Walther,
Women Artists and the Surrealist Movement,Whitney Chadwick,
Encyclopedia of Aquarium & Pond Fish,,
Drawing Anime Faces and Feelings,Studio Hard Deluxe,
The Lettering WOrkshops,Chouquet,
Draw 62 Characters and make them cute,Heegyum Kim,
Cute Chibi Animals,Phoebe im,
Doodle Days,Jane Maday,
Money,Daniel Wildenstein,
Spectacle,National Geographic,
365 Days of Creativity,Lorna Scobie,
365 Days of Art,Lorna Scobie,
365 Days of Drawing,Lorna Scobie,
Cosplay,ANdrew Liptak,
LOteria,Cynthia Pelayo,
Picturing Resistance,,
The Dunk Book,,
The Fashion Book,,
Art a visual History,Robert Dumming,
Doodletopia Manga,Hart,
The Monster book of Manga,Jorge Balaguer,
The Art Book,,
The Art of Eric Carle,,
Ansel Adam's Yosemite ,Ansel Adams,
Film for Her,Carloto ,
TO See Takes time ,Georgia O Keeffe7,
Magritte ,Alex Danchev,
New Native Kitchen,Bitsoie,
The Sioux Chef's Indigenous Kitchen,,
Mumbai Modern,,
The Official Black Spire Outpost Cookbook,,
How To Cook Everything Fast,Bittman,
How to Cook everything,Bittman,
My America ,Kwame Onwuachi,
Trejo's Tacos,Danny Trejo,
How to Cook Everything Vegetarian,Bittman,
Salt Fat Acid Heat,Samin Nosrat,
Pieometry,Laureno Ko,
The New Camp Cookbook,Linda Ly,
Kawaii Sweet World,Rachel Fong,
The Complete Cookbook for Teen Chefs,America's Test Kitchen,
The Happy Planet Cookbook,Eva Fox,
Essentials of Classic Italian Cooking,Marcella Hazan,
The Recipies of Record,Amanda Hesser,
The Complete America's Test Kitchen,America's Test Kitchen,
A break with Charity,Ann Rinaldi,
The Ampire's Promise,Caroline B. Cooney,
The Unleashed,Danielle Vega,
The Book of Kindly Deaths,Eldritch Black,
Family Of Liars,E. Lockhart,
The Weed that strings the hangman's bag,Alan Bradley,
The Weed that strings the hangman's bag,Alan Bradley,
Speaking from Among the Bones,Alan Bradley,
As Chimney Sweepers come to dust,Alan Bradley,
THe Grave's a fine and Private place,Alan Bradley,
A Red Herring without mustard,Alan Bradley,
I am Half-Sick of Shadows,Alan Bradley,
The Golden Tresses of the Dead,Alan Bradley,
The Sweetness bottom of the Pie,Alan Bradley,
Spellbound,F.T.Lukens,
The Souther Book Club's guide to slaying Vampires,Hendrix,
Lost,Gregory Maguire,
Twelth Grades KIlls,Heather Brewer,
Tenth GRade Bleeds,Heather Brewer,
Eigth grade bites,Heather Brewer,
Eleventh Grade Burns,Heather Brewer,
Tales of a fourth grade nothing,Judy Blume,
Paranormalcy,White,
Girl of Nightmares,Kendare Blake,
Trial by Journal,Klise,
The Sweet Far Thing,Libba Bray,
Rebel Angels,Libba Bray,
Ghost Girl,Lesley Thomson,
Red is for Rememberance,Stolarz,
Red is for Rememberance,Stolarz,
White is for Magic,Stolarz,
Silver is for Secrets,Stolarz,
Silver is for Secrets,Stolarz,
Silver is for Secrets,Stolarz,
Pinata,Leopoldo Gout,
A Great and Terrible Beauty,Libba Bray,
The Graveyard Book,Gaiman,
Catching Fire,Suzanne Collins,
Mocking Jay,Suzanne Collins,
Xenocide,Orson Scott Card,
Speaker for the Dead,Orson Scott Card,
Shadow of the Hegemon,Orson Scott Card,
Enders Game,Orson Scott Card,
Enders Game,Orson Scott Card,
Divergent,Veronica Roth,
Allegiant,Veronica Roth,
Pretties,Scott Westerfeld,
Specials,Scott Westerfeld,
The Two Towers,J.R.R.Tolkien,
The Giver,Lois Lowry,
The Handmaid's Tale,Margaret Atwood,
Farenheit 451,Ray Bradbury,
THe Apocalypse Seven,Gene Doucette,
Cryptonomicon,Neal Stephenson,
Farenheit 451,Ray Bradbury,
Shatter City,Scott Westerfeld,
Pretties,Scott Westerfeld,
Pretties,Scott Westerfeld,
Pretties,Scott Westerfeld,
Specials,Scott Westerfeld,
Specials,Scott Westerfeld,
Extras,Scott Westerfeld,
Extras,Scott Westerfeld,
Farenheit 451,Ray Bradbury,
Something Wicked This Way Comes,Ray Bradbury,
Farenheit 451,Ray Bradbury,
Impostors,Scott Westerfeld,
The Hunger Games,Suzanne Collins,
The Tiger in the Well,Philip Pullman,
The Shadown In the North,Philip Pullman,
THe Resistance,Gemma Malley,
Fledgling,Octavia E. Butler,
Unwholy,Neal Shusterman,
Unsouled,Neal Shusterman,
Undivided,Neal Shusterman,
The Handmaid's Tale,Margaret Atwood,
The Handmaid's Tale,Margaret Atwood,
The Testaments,Margaret Atwood,
The Handmaid's Tale,Margaret Atwood,
How it Happened in Peach Hill,Marthe Jocyln,
The Clockwork Three,Matthew J. Kirby,
The Host,Stephine Meyer,
The Moon is a Harsh Mistress,Robert A. Heinlein,
Legend,Marie Lu,
The Young Elites,Marie Lu,
Legend,Marie Lu,
Prodigy,Marie Lu,
Troubling a Star,Madeline L'Engle,
A Wrinkle in Time,Madeline L'Engle,
Gathering Blue,Lois Lowry,
Messenger,Lois Lowry,
Son,Lois Lowry,
Cat's Cradle,Kurt Vonnegut,
The Scorch Trials,James Dashner,
The Fever Code,James Dashner,
The Death Cure,James Dashner,
The Death Cure,James Dashner,
The KIll Order,James Dashner,
Oryx and Crake,Margaret Atwood,
The Year of The Flood,Margaret Atwood,
Maddaddam,Margaret Atwood,
Franny and Zooey,J.D.Salinger,
The Time Machine,H.G.Wells,
Children of Dune,Frank Herbert,
Fallout,Ellen Hopkins,
Glass,Ellen Hopkins,
Ready Player Two,Ernest Cline,
Ready Player Two,Ernest Cline,
Ready Player Two,Ernest Cline,
Ready Player Two,Ernest Cline,
Blindness,Jose Saramago,
Life the Universe and Everything,Douglas Adams,
The Restaurant at the end of the universe,Douglas Adams,
The Hitchhikers Guide to the Galaxy,Douglas Adams,
The Road,Cormag McCarthy,
Flowers for Algernon,Daniel Keyes,
The Age of Miracles,Karen Thompson Walker,
Something Wicked This Way Comes,Ray Bradbury,
Alien Invasion,Brian Yansky,
Point Blank,Anthony Horowitz,
Skeleton Key,Anthony Horowitz,
Ark Angel,Anthony Horowitz,
Reached,Ally Condie,
Crossed ,Ally Condie,
Matched,Ally Condie,
Matched,Ally Condie,
The Doors of Perception,Aldous Huxley,
Brave New World,Aldous Huxley,
Freedom's Challenge,Anne McCaffrey,
Dead Astronauts,Jeff Vandermeer,
Avril Crump and Her Amazing Clones,Angela Woolfe,
Dead in the Water,Stuart Woods,
The Angel Maker,Alex North,
The Island,Natasha Preston,
The Fear,Natasha Preston,
The Maid,Nita Prose,
Magpie,Elizabeth Day,
Deathwatch,Robb White,
Neverworld Wake,Marisha Pessl,
Run,Ann Patchett,
Delirium Stories,Lauren Oliver,
Pandemonium,Lauren Oliver,
Requiem,Lauren Oliver,
Blue is for Nightmares,Laurie Faria Stolarz,
Midnight Voices,John Saul,
The Case of the Missing Marquess,Nancy Springer,
Cryptonomicon,Neal Stephenson,
Dracula,Bram Stoker,
Frakenstein: The 1818 Text,Mary SHelly,
What's Left of Me Is Yours,Stephanine Scott,
Dead Ringer,Lisa Scottoline,
The Silent Girls ,Erick Rickstad,
The Westing Game,Ellen Raskin,
Operation Typhoon Shore,Joshua Mowill,
Operation Red Jericho,Joshua Mowill,
Old Country,Matt Query,
Pearl,JOsh Malerman,
Tinfoil Butterfly,Rachel eve Moulton,
The Mary Shelly Club,Goldy Moldavsky ,
Labyrinth,Kate MOsse,
In The Stone Circle,Elizabeth Cody Kimmel,
Kill Joy,Holly Jackson,
The Cheerleaders,Kaza Thomas,
Misery,Stephen King,
PEt,Akwaeke Emezi,
The Accident,Diane Hoh,
The unbrcoming of Mara dyer,Michelle Hodkin,
Chasing Vermeer,Blue Balliett,
Q is for Quarry,Sue Grafton,
In the Woods,Tana French,
The Late Mrs. Willoughby,Claudia Gray,
THe Musician's Daughter,Susane Dunlap,
The Complete Sherlock Holmes Vol. 1,Sir Arthur Conan Doyle,
As Good as Dead,Holly Jackson,
The Lake House,Sarah Beth Derst,
The Twin,Natasha Preston,
Quiet,Susan Cain,
No Way Home,Jody Feldman,
THe Seven Husbands of Evelyn Hugo,Taylor Jenkins Reid,
The Legacy,Gemma Malley,
The Stranger,Albert Camus,
Cross My Heart and Hope to Spy,Ally Carter,
Don't Judge A Girl by Her Cover,Ally Carter,
Only the Good Spy Young,Ally Carter,
"Out of Sight, Out of Time",Ally Carter,
United We spy,Ally Carter,
And Then There were None,Agatha Christe,
Missing Dead Girls,Sara Walters,
Deadline,Chris Crutcher,
Go Tell it on the MOuntain,James Baldwin,
The Drowned World,J.G. Ballard,
Shakespeares Secret,Elise Broach,
Sudden Death,Rita Mae Brown,
A Wicked Magic,Sasha Laurens,
The Song of Wrath,Sarah Raughley,
Behemoth,Scott Westerfeld,
Breaking Dawn,Stephine Meyer,
Breaking Dawn,Stephine Meyer,
Eclipse ,Stephine Meyer,
New Moon,Stephine Meyer,
New Moon,Stephine Meyer,
New Moon,Stephine Meyer,
New Moon,Stephine Meyer,
Twilight,Stephine Meyer,
Last Dance,Linda Joy Singleton,
Last Dance,Linda Joy Singleton,
Last Dance,Linda Joy Singleton,
Last Dance,Linda Joy Singleton,
Witch Ball,Linda Joy Singleton,
Witch Ball,Linda Joy Singleton,
Witch Ball,Linda Joy Singleton,
Sword Play,Linda Joy Singleton,
Sword Play,Linda Joy Singleton,
Sword Play,Linda Joy Singleton,
Fatal Charm,Linda Joy Singleton,
Fatal Charm,Linda Joy Singleton,
Fatal Charm,Linda Joy Singleton,
Fatal Charm,Linda Joy Singleton,
Fatal Charm,Linda Joy Singleton,
Untamed,Kristin Cast,
Tempted ,Kristin Cast,
Sleeping Beauty ,Phillip Margolin,
Swing,Kwame Alexander,
Black Food,Bryant Terry,
Watermelon & Red Birds,Nicole A. Taylor,
Open Wide the Freedom Gates,Dorothy Height,
Food Feminism,MIkki Kendall,
The Poet X,Acevado,
Dear Martin,Nic Stone,
The Brief Wondrous Life of Oscar Wao,Junot Diaz,
A Raisin in the Sun,LOrraine Hansberry ,
Piecing Me Together,Watson,
Dear Justyce,Nic Stone,
A Suprised Queenhood in the New Black Sun,Angela Jackson,
The Sum of Us,Heather McGhee,
Kaffir Boy,Mark Mathabane,
The New Jim Crow,Michelle Alexander,
The Souls of Black Folk,Du Bois,
Astrophysics for people in a Hurry,Neil De Grasse Tyson,
Rite of Passage,Richard Wright,
Hidden Figures,Shetterly,
Calvin,Kayla Harren,
The Light We Carry ,Michelle Obama,
How to Be An Antiracist,Ibram X. Kendi,
James Baldwin,David Leeming,
Concrete Rose,Angie Thomas,
Native Son,Richard Wright,
Game Changers,Chine-Ransome,
Their Eyes were Watching God,Zora Neale Hurston,
Things Fall Apart,Chinua Achebe,
The Hate U Give,Angie Thomas,
Speak,Laurie Halse Anderson,
Warcross,Marie Lu,
Good Omens,Terry Pratchet,
The Late Homecomer,Kao Kalia Yang,
The Late Homecomer,Kao Kalia Yang,
The Late Homecomer,Kao Kalia Yang,
The Things they Carried,Tim O'Brien,
The House on Mango Street,Sandra Cisneros,
The House on Mango Street,Sandra Cisneros,
The House on Mango Street,Sandra Cisneros,
The House on Mango Street,Sandra Cisneros,
Good Omens,Terry Pratchet,
Raisin in the Sun,Lorraine Hansberry,
Dear Martin,Nic Stone,
Ready Player One,Ernest Cline,
Chamion,Marie Lu,
Saphique,Catherine Fisher,
The Invention of Hugo Cabret,Brian Selznick,
Life Mask,Emma Donoghue,
Akin,Emma Donoghue,
THe Song of Achilies,Madeline Miller,
The Silence of the Girls,Pat Barker,
Dad Jokes,,
A Fearlest Heart,,
Bowlaway,Elizabeth McCRacken,
Fall,Neal Stephenson,
From the Mout of the Whale,Sjn,
Tragedy,Laurence Michel,
Rhymes Reason,John Hallder,
How Music Works,David Byrne,
The Corrections,Jonathan Franzen,
The Good Lord Bird,James McBride,
George,Frieda Hughes,
The Thursday Murder Club,Richard Osman,
Cryptonomicon,Neal Stephenson,
The Arabian Nights,Husain Haddawy,
The Well Wrought Urn,Cleanth Brooks,
Guide To Great Themes in Drama,,
The Pull of the Stars,Emma Donoghue,
Circe,Madeline Miller,
"Good Girl, Bad Blood",Holly Jackson,
The Internet is NOt what you think it is,Justin E. H. Smith,
The Left Hand of Darkness,Ursula K Le Guin,
The Prince and the Dressmaker,Jen Wang,
The Alchemist,Paulo Coelho,
The House on Mango Street,Sandra Cisneros,
Lessons in Chemistry,Bonnie Garmus,
The Power,Naomi Alderman,
An Illustrated Book of Bad Arguments,Ali Almossawi,
An Illustrated Book of Loaded Language,Ali Almossawi,
Divergent,Veronica Roth,
Allegiant,Veronica Roth,
Neverwhere,Neil Gaiman,
So This is Ever After,F. T. Lukens,
Animal Farm,George Orwell,
Crying in H Mart,Michelle Zauner,
The First To Die At the End,Silvera,
Scythe,Shusterman,
Great Bear Lake,Hunter,
THe Amzing Dr. Ransoms Beastiary,Wilson ,
THe Amzing Dr. Ransoms Beastiary,Wilson ,
Matched,Ally Condie,
The Quest Begins,Erin Hunter,
How to read literature like a professor,Thomas C. Foster,
A peculiar Peril,Jeff VanderMeer,
You'd Be home by now,Kathleen Glasgow,
If i stay,Gayle Forman,
All my rage ,Sabaa Tahir,
Farenheit 451,Ray Bradbury,
The power,Naomi Alderman,